{
    "loss": 0.17194686830043793,
    "accuracy": 0.9553571343421936,
    "recall": 0.9677419066429138,
    "classification_report": {
        "Cancer": {
            "precision": 0.85,
            "recall": 0.8947368421052632,
            "f1-score": 0.8717948717948718,
            "support": 19.0
        },
        "Non-Cancer": {
            "precision": 0.9782608695652174,
            "recall": 0.967741935483871,
            "f1-score": 0.972972972972973,
            "support": 93.0
        },
        "accuracy": 0.9553571428571429,
        "macro avg": {
            "precision": 0.9141304347826087,
            "recall": 0.9312393887945671,
            "f1-score": 0.9223839223839224,
            "support": 112.0
        },
        "weighted avg": {
            "precision": 0.9565023291925466,
            "recall": 0.9553571428571429,
            "f1-score": 0.955808830808831,
            "support": 112.0
        }
    }
}