{
    "model_path": "models/checkpoints/baseline_model_v2.keras",
    "threshold": 0.110593,
    "classification_report": {
        "Non-Cancer": {
            "precision": 0.9876543209876543,
            "recall": 0.8602150537634409,
            "f1-score": 0.9195402298850575,
            "support": 93.0
        },
        "Cancer": {
            "precision": 0.5806451612903226,
            "recall": 0.9473684210526315,
            "f1-score": 0.72,
            "support": 19.0
        },
        "accuracy": 0.875,
        "macro avg": {
            "precision": 0.7841497411389884,
            "recall": 0.9037917374080362,
            "f1-score": 0.8197701149425287,
            "support": 112.0
        },
        "weighted avg": {
            "precision": 0.9186081242532855,
            "recall": 0.875,
            "f1-score": 0.8856896551724139,
            "support": 112.0
        }
    }
}