{
    "model_path": "models/checkpoints/regularized_fine_tuned_model_v2.keras",
    "threshold": 0.3451,
    "classification_report": {
        "Non-Cancer": {
            "precision": 0.9746835443037974,
            "recall": 0.8279569892473119,
            "f1-score": 0.8953488372093024,
            "support": 93.0
        },
        "Cancer": {
            "precision": 0.5151515151515151,
            "recall": 0.8947368421052632,
            "f1-score": 0.6538461538461539,
            "support": 19.0
        },
        "accuracy": 0.8392857142857143,
        "macro avg": {
            "precision": 0.7449175297276562,
            "recall": 0.8613469156762875,
            "f1-score": 0.7745974955277282,
            "support": 112.0
        },
        "weighted avg": {
            "precision": 0.8967272179297494,
            "recall": 0.8392857142857143,
            "f1-score": 0.8543796319959112,
            "support": 112.0
        }
    }
}